{
  "data_source": "Compiled from official IKON Pass and Epic Pass websites and resort websites",
  "last_updated": "2026-01-03",
  "resorts": [
    {
      "name": "Aspen Snowmass",
      "address": "Snowmass Village, CO 81615",
      "city": "Snowmass Village",
      "country": "United States",
      "access_type": "Unlimited",
      "latitude": 39.1903602,
      "longitude": -106.947666,
      "formatted_address": "Snowmass Village, CO 81615, USA",
      "id": "aspen-snowmass",
      "region": "Colorado",
      "pass": "IKON"
    },
    {
      "name": "Steamboat",
      "address": "2305 Mt Werner Cir, Steamboat Springs, CO 80487",
      "city": "Steamboat Springs",
      "country": "United States",
      "access_type": "Unlimited",
      "latitude": 40.4570979,
      "longitude": -106.8044718,
      "formatted_address": "2305 Mt Werner Cir, Steamboat Springs, CO 80487, USA",
      "id": "steamboat",
      "region": "Colorado",
      "pass": "IKON"
    },
    {
      "name": "Winter Park Resort",
      "address": "85 Parsenn Rd, Winter Park, CO 80482",
      "city": "Winter Park",
      "country": "United States",
      "access_type": "Unlimited",
      "latitude": 39.8868391,
      "longitude": -105.762488,
      "formatted_address": "85 Parsenn Rd, Winter Park, CO 80482, USA",
      "id": "winter-park-resort",
      "region": "Colorado",
      "pass": "IKON"
    },
    {
      "name": "Copper Mountain",
      "address": "209 Ten Mile Circle, Copper Mountain, CO 80443",
      "city": "Copper Mountain",
      "country": "United States",
      "access_type": "Unlimited",
      "latitude": 39.5011318,
      "longitude": -106.1545788,
      "formatted_address": "209 Ten Mile Cir, Frisco, CO 80443, USA",
      "id": "copper-mountain",
      "region": "Colorado",
      "pass": "IKON"
    },
    {
      "name": "Eldora Mountain Resort",
      "address": "Nederland, CO 80466",
      "city": "Nederland",
      "country": "United States",
      "access_type": "Unlimited",
      "latitude": 39.9613759,
      "longitude": -105.5108312,
      "formatted_address": "Nederland, CO 80466, USA",
      "id": "eldora-mountain-resort",
      "region": "Colorado",
      "pass": "IKON"
    },
    {
      "name": "Arapahoe Basin",
      "address": "Dillon, CO",
      "city": "Dillon",
      "country": "United States",
      "access_type": "Unlimited (Full Pass), 5 days (Base Pass)",
      "latitude": 39.6302643,
      "longitude": -106.0433518,
      "formatted_address": "Dillon, CO, USA",
      "id": "arapahoe-basin",
      "region": "Colorado",
      "pass": "IKON"
    },
    {
      "name": "Palisades Tahoe",
      "address": "1960 Olympic Valley Rd, Olympic Valley, CA 96146",
      "city": "Olympic Valley",
      "country": "United States",
      "access_type": "Unlimited",
      "latitude": 39.196849,
      "longitude": -120.2358066,
      "formatted_address": "1960 Olympic Vly Rd, Olympic Valley, CA 96146, USA",
      "id": "palisades-tahoe",
      "region": "California",
      "pass": "IKON"
    },
    {
      "name": "Mammoth Mountain",
      "address": "10001 Minaret Rd, Mammoth Lakes, CA 93546",
      "city": "Mammoth Lakes",
      "country": "United States",
      "access_type": "Unlimited",
      "latitude": 37.6511273,
      "longitude": -119.0267624,
      "formatted_address": "10001 Minaret Rd, Mammoth Lakes, CA 93546, USA",
      "id": "mammoth-mountain",
      "region": "California",
      "pass": "IKON"
    },
    {
      "name": "June Mountain",
      "address": "Mammoth Lakes, CA",
      "city": "Mammoth Lakes",
      "country": "United States",
      "access_type": "Unlimited",
      "latitude": 37.648546,
      "longitude": -118.972079,
      "formatted_address": "Mammoth Lakes, CA 93546, USA",
      "id": "june-mountain",
      "region": "California",
      "pass": "IKON"
    },
    {
      "name": "Big Bear Mountain Resort",
      "address": "Big Bear Lake, CA",
      "city": "Big Bear Lake",
      "country": "United States",
      "access_type": "Unlimited",
      "latitude": 34.2438963,
      "longitude": -116.9114215,
      "formatted_address": "Big Bear Lake, CA, USA",
      "id": "big-bear-mountain-resort",
      "region": "California",
      "pass": "IKON"
    },
    {
      "name": "Alta Ski Area",
      "address": "10010 Little Cottonwood Rd, Alta, UT 84092",
      "city": "Alta",
      "country": "United States",
      "access_type": "7 days",
      "latitude": 40.5892469,
      "longitude": -111.6416192,
      "formatted_address": "10010 Little Cottonwood Rd, Alta, UT 84092, USA",
      "id": "alta-ski-area",
      "region": "Utah",
      "pass": "IKON"
    },
    {
      "name": "Snowbird",
      "address": "Little Cottonwood Canyon, UT",
      "city": "Snowbird",
      "country": "United States",
      "access_type": "7 days",
      "latitude": 40.5724796,
      "longitude": -111.7732325,
      "formatted_address": "Little Cottonwood Canyon, Utah 84092, USA",
      "id": "snowbird",
      "region": "Utah",
      "pass": "IKON"
    },
    {
      "name": "Deer Valley Resort",
      "address": "2250 Deer Valley Dr S, Park City, UT 84060",
      "city": "Park City",
      "country": "United States",
      "access_type": "7 days",
      "latitude": 40.62257899999999,
      "longitude": -111.4850846,
      "formatted_address": "2250 Deer Valley Dr S, Park City, UT 84060, USA",
      "id": "deer-valley-resort",
      "region": "Utah",
      "pass": "IKON"
    },
    {
      "name": "Solitude Mountain Resort",
      "address": "Big Cottonwood Canyon, UT",
      "city": "Solitude",
      "country": "United States",
      "access_type": "Unlimited",
      "latitude": 40.637269,
      "longitude": -111.6330126,
      "formatted_address": "Big Cottonwood Canyon, Brighton, UT 84121, USA",
      "id": "solitude-mountain-resort",
      "region": "Utah",
      "pass": "IKON"
    },
    {
      "name": "Brighton Resort",
      "address": "Big Cottonwood Canyon, UT",
      "city": "Brighton",
      "country": "United States",
      "access_type": "7 days",
      "latitude": 40.637269,
      "longitude": -111.6330126,
      "formatted_address": "Big Cottonwood Canyon, Brighton, UT 84121, USA",
      "id": "brighton-resort",
      "region": "Utah",
      "pass": "IKON"
    },
    {
      "name": "Snowbasin",
      "address": "Huntsville, UT",
      "city": "Huntsville",
      "country": "United States",
      "access_type": "7 days",
      "latitude": 41.2607744,
      "longitude": -111.7699379,
      "formatted_address": "Huntsville, UT 84317, USA",
      "id": "snowbasin",
      "region": "Utah",
      "pass": "IKON"
    },
    {
      "name": "Jackson Hole Mountain Resort",
      "address": "3395 Cody Ln, Teton Village, WY 83025",
      "city": "Teton Village",
      "country": "United States",
      "access_type": "7 days",
      "latitude": 43.5876318,
      "longitude": -110.827952,
      "formatted_address": "3395 Cody Ln, Teton Village, WY 83025, USA",
      "id": "jackson-hole-mountain-resort",
      "region": "Wyoming",
      "pass": "IKON"
    },
    {
      "name": "Big Sky Resort",
      "address": "50 Big Sky Resort Rd, Big Sky, MT 59716",
      "city": "Big Sky",
      "country": "United States",
      "access_type": "7 days",
      "latitude": 45.284358,
      "longitude": -111.4008347,
      "formatted_address": "50 Big Sky Resort Rd, Big Sky, MT 59716, USA",
      "id": "big-sky-resort",
      "region": "Montana",
      "pass": "IKON"
    },
    {
      "name": "Crystal Mountain",
      "address": "33914 Crystal Mountain Blvd, Crystal Mountain, WA 98022",
      "city": "Crystal Mountain",
      "country": "United States",
      "access_type": "Unlimited",
      "latitude": 46.9352963,
      "longitude": -121.4747533,
      "formatted_address": "Chinook Express, 33914 Crystal Mountain Blvd, Enumclaw, WA 98022, USA",
      "id": "crystal-mountain",
      "region": "Washington",
      "pass": "IKON"
    },
    {
      "name": "The Summit at Snoqualmie",
      "address": "Snoqualmie Pass, WA",
      "city": "Snoqualmie Pass",
      "country": "United States",
      "access_type": "7 days",
      "latitude": 47.3923346,
      "longitude": -121.4000942,
      "formatted_address": "Snoqualmie Pass, WA, USA",
      "id": "the-summit-at-snoqualmie",
      "region": "Washington",
      "pass": "IKON"
    },
    {
      "name": "Mt. Bachelor",
      "address": "Bend, OR",
      "city": "Bend",
      "country": "United States",
      "access_type": "7 days",
      "latitude": 44.0581728,
      "longitude": -121.3153096,
      "formatted_address": "Bend, OR, USA",
      "id": "mt-bachelor",
      "region": "Oregon",
      "pass": "IKON"
    },
    {
      "name": "Sun Valley",
      "address": "Ketchum, ID",
      "city": "Ketchum",
      "country": "United States",
      "access_type": "7 days",
      "latitude": 43.6807402,
      "longitude": -114.3636619,
      "formatted_address": "Ketchum, ID, USA",
      "id": "sun-valley",
      "region": "Idaho",
      "pass": "IKON"
    },
    {
      "name": "Schweitzer",
      "address": "Sandpoint, ID",
      "city": "Sandpoint",
      "country": "United States",
      "access_type": "7 days",
      "latitude": 48.276577,
      "longitude": -116.553465,
      "formatted_address": "Sandpoint, ID 83864, USA",
      "id": "schweitzer",
      "region": "Idaho",
      "pass": "IKON"
    },
    {
      "name": "Taos Ski Valley",
      "address": "P.O. Box 91, Taos Ski Valley, NM 87525",
      "city": "Taos Ski Valley",
      "country": "United States",
      "access_type": "7 days",
      "latitude": 36.5959999,
      "longitude": -105.4545,
      "formatted_address": "Taos Ski Valley, NM 87525, USA",
      "id": "taos-ski-valley",
      "region": "New Mexico",
      "pass": "IKON"
    },
    {
      "name": "Stratton",
      "address": "Stratton Mountain, VT",
      "city": "Stratton Mountain",
      "country": "United States",
      "access_type": "Unlimited",
      "latitude": 43.1138414,
      "longitude": -72.905452,
      "formatted_address": "Stratton Mountain, Winhall, VT, USA",
      "id": "stratton",
      "region": "Vermont",
      "pass": "IKON"
    },
    {
      "name": "Sugarbush Resort",
      "address": "Warren, VT",
      "city": "Warren",
      "country": "United States",
      "access_type": "Unlimited",
      "latitude": 44.112005,
      "longitude": -72.85594739999999,
      "formatted_address": "Warren, VT, USA",
      "id": "sugarbush-resort",
      "region": "Vermont",
      "pass": "IKON"
    },
    {
      "name": "Killington Resort",
      "address": "Killington, VT",
      "city": "Killington",
      "country": "United States",
      "access_type": "7 days",
      "latitude": 43.6775677,
      "longitude": -72.77982469999999,
      "formatted_address": "Killington, VT, USA",
      "id": "killington-resort",
      "region": "Vermont",
      "pass": "IKON"
    },
    {
      "name": "Sunday River",
      "address": "Newry, ME",
      "city": "Newry",
      "country": "United States",
      "access_type": "7 days",
      "latitude": 44.4884245,
      "longitude": -70.78857649999999,
      "formatted_address": "Newry, ME 04261, USA",
      "id": "sunday-river",
      "region": "Maine",
      "pass": "IKON"
    },
    {
      "name": "Sugarloaf",
      "address": "Carrabassett Valley, ME",
      "city": "Carrabassett Valley",
      "country": "United States",
      "access_type": "7 days",
      "latitude": 45.0736009,
      "longitude": -70.26168729999999,
      "formatted_address": "Carrabassett Valley, ME 04947, USA",
      "id": "sugarloaf",
      "region": "Maine",
      "pass": "IKON"
    },
    {
      "name": "Loon Mountain",
      "address": "Lincoln, NH",
      "city": "Lincoln",
      "country": "United States",
      "access_type": "7 days",
      "latitude": 44.0444001,
      "longitude": -71.66844789999999,
      "formatted_address": "Lincoln, NH, USA",
      "id": "loon-mountain",
      "region": "New Hampshire",
      "pass": "IKON"
    },
    {
      "name": "Snowshoe",
      "address": "Snowshoe, WV",
      "city": "Snowshoe",
      "country": "United States",
      "access_type": "Unlimited",
      "latitude": 38.4132303,
      "longitude": -79.9975177,
      "formatted_address": "Snowshoe, WV 26209, USA",
      "id": "snowshoe",
      "region": "West Virginia",
      "pass": "IKON"
    },
    {
      "name": "Boyne Highlands",
      "address": "Harbor Springs, MI",
      "city": "Harbor Springs",
      "country": "United States",
      "access_type": "Bonus (2 days)",
      "latitude": 45.43167589999999,
      "longitude": -84.9919992,
      "formatted_address": "Harbor Springs, MI 49740, USA",
      "id": "boyne-highlands",
      "region": "Michigan",
      "pass": "IKON"
    },
    {
      "name": "Boyne Mountain",
      "address": "Boyne Falls, MI",
      "city": "Boyne Falls",
      "country": "United States",
      "access_type": "Bonus (2 days)",
      "latitude": 45.168065,
      "longitude": -84.9161574,
      "formatted_address": "Boyne Falls, MI, USA",
      "id": "boyne-mountain",
      "region": "Michigan",
      "pass": "IKON"
    },
    {
      "name": "Tremblant",
      "address": "1000 Chemin des Voyageurs, Mont-Tremblant, QC J8E 1T1",
      "city": "Mont-Tremblant",
      "country": "Canada",
      "access_type": "Unlimited",
      "latitude": 46.2098058,
      "longitude": -74.5853144,
      "formatted_address": "1000 Chem. des Voyageurs, Mont-Tremblant, QC J8E 1T1, Canada",
      "id": "tremblant",
      "region": "Quebec",
      "pass": "IKON"
    },
    {
      "name": "Le Massif de Charlevoix",
      "address": "Petite-Rivière-Saint-François, QC",
      "city": "Petite-Rivière-Saint-François",
      "country": "Canada",
      "access_type": "7 days",
      "latitude": 47.30774299999999,
      "longitude": -70.56810899999999,
      "formatted_address": "Petite-Rivière-Saint-François, QC G0A 2L0, Canada",
      "id": "le-massif-de-charlevoix",
      "region": "Quebec",
      "pass": "IKON"
    },
    {
      "name": "Blue Mountain",
      "address": "Blue Mountains, ON",
      "city": "Blue Mountains",
      "country": "Canada",
      "access_type": "Unlimited",
      "latitude": 44.5458789,
      "longitude": -80.46168279999999,
      "formatted_address": "The Blue Mountains, ON, Canada",
      "id": "blue-mountain",
      "region": "Ontario",
      "pass": "IKON"
    },
    {
      "name": "Banff Sunshine",
      "address": "Box 1510, Banff, AB T1L 1J5",
      "city": "Banff",
      "country": "Canada",
      "access_type": "7 days (SkiBig3)",
      "latitude": 51.1784304,
      "longitude": -115.5707903,
      "formatted_address": "Banff, AB, Canada",
      "id": "banff-sunshine",
      "region": "Alberta",
      "pass": "IKON"
    },
    {
      "name": "Lake Louise Ski Resort",
      "address": "Lake Louise, AB T0L 1E0",
      "city": "Lake Louise",
      "country": "Canada",
      "access_type": "7 days (SkiBig3)",
      "latitude": 51.4253705,
      "longitude": -116.1772552,
      "formatted_address": "Lake Louise, AB T0L 1E0, Canada",
      "id": "lake-louise-ski-resort",
      "region": "Alberta",
      "pass": "IKON"
    },
    {
      "name": "Mt. Norquay",
      "address": "Banff, AB",
      "city": "Banff",
      "country": "Canada",
      "access_type": "7 days (SkiBig3)",
      "latitude": 51.1784304,
      "longitude": -115.5707903,
      "formatted_address": "Banff, AB, Canada",
      "id": "mt-norquay",
      "region": "Alberta",
      "pass": "IKON"
    },
    {
      "name": "Revelstoke Mountain Resort",
      "address": "2950 Camozzi Rd, Revelstoke, BC V0E 2S0",
      "city": "Revelstoke",
      "country": "Canada",
      "access_type": "7 days",
      "latitude": 50.95838579999999,
      "longitude": -118.163078,
      "formatted_address": "2950 Camozzi Rd, Revelstoke, BC V0E 2S1, Canada",
      "id": "revelstoke-mountain-resort",
      "region": "British Columbia",
      "pass": "IKON"
    },
    {
      "name": "RED Mountain",
      "address": "Rossland, BC",
      "city": "Rossland",
      "country": "Canada",
      "access_type": "7 days",
      "latitude": 49.0781415,
      "longitude": -117.8000037,
      "formatted_address": "Rossland, BC V0G 1Y0, Canada",
      "id": "red-mountain",
      "region": "British Columbia",
      "pass": "IKON"
    },
    {
      "name": "Cypress Mountain",
      "address": "West Vancouver, BC",
      "city": "West Vancouver",
      "country": "Canada",
      "access_type": "7 days",
      "latitude": 49.3286251,
      "longitude": -123.1601981,
      "formatted_address": "West Vancouver, BC, Canada",
      "id": "cypress-mountain",
      "region": "British Columbia",
      "pass": "IKON"
    },
    {
      "name": "Panorama Mountain Resort",
      "address": "Panorama, BC",
      "city": "Panorama",
      "country": "Canada",
      "access_type": "7 days",
      "latitude": 50.45837059999999,
      "longitude": -116.238466,
      "formatted_address": "Panorama, BC V0A 1T0, Canada",
      "id": "panorama-mountain-resort",
      "region": "British Columbia",
      "pass": "IKON"
    },
    {
      "name": "Sun Peaks Resort",
      "address": "Sun Peaks, BC V0E 5N0",
      "city": "Sun Peaks",
      "country": "Canada",
      "access_type": "7 days",
      "latitude": 50.8815578,
      "longitude": -119.8972041,
      "formatted_address": "Sun Peaks, BC V0E, Canada",
      "id": "sun-peaks-resort",
      "region": "British Columbia",
      "pass": "IKON"
    },
    {
      "name": "Grouse Mountain",
      "address": "North Vancouver, BC",
      "city": "North Vancouver",
      "country": "Canada",
      "access_type": "Bonus (2 days)",
      "latitude": 49.3199816,
      "longitude": -123.0724139,
      "formatted_address": "North Vancouver, BC, Canada",
      "id": "grouse-mountain",
      "region": "British Columbia",
      "pass": "IKON"
    },
    {
      "name": "SilverStar Mountain Resort",
      "address": "Vernon, BC",
      "city": "Vernon",
      "country": "Canada",
      "access_type": "Bonus (2 days)",
      "latitude": 50.2670137,
      "longitude": -119.2720107,
      "formatted_address": "Vernon, BC, Canada",
      "id": "silverstar-mountain-resort",
      "region": "British Columbia",
      "pass": "IKON"
    },
    {
      "name": "Vail",
      "address": "450 East Lionshead Circle, Vail, CO 81657",
      "city": "Vail",
      "state": "CO",
      "country": "United States",
      "access_type": "Unlimited",
      "id": "vail",
      "region": "Colorado",
      "latitude": 39.6438621,
      "longitude": -106.3864384,
      "formatted_address": "450 E Lionshead Cir, Vail, CO 81657, USA",
      "pass": "EPIC"
    },
    {
      "name": "Beaver Creek",
      "address": "210 Beaver Creek Plaza, Beaver Creek, CO 81620",
      "city": "Beaver Creek",
      "state": "CO",
      "country": "United States",
      "access_type": "Unlimited",
      "id": "beaver-creek",
      "region": "Colorado",
      "latitude": 39.6042863,
      "longitude": -106.5167109,
      "formatted_address": "210 Beaver Creek Plaza, Beaver Creek, CO 81620, USA",
      "pass": "EPIC"
    },
    {
      "name": "Breckenridge",
      "address": "1599 Ski Hill Rd, Breckenridge, CO 80424",
      "city": "Breckenridge",
      "state": "CO",
      "country": "United States",
      "access_type": "Unlimited",
      "id": "breckenridge",
      "region": "Colorado",
      "latitude": 39.4807,
      "longitude": -106.0667734,
      "formatted_address": "1599 Ski Hill Rd, Breckenridge, CO 80424, USA",
      "pass": "EPIC"
    },
    {
      "name": "Keystone",
      "address": "100 Dercum Dr, Keystone, CO 80435",
      "city": "Keystone",
      "state": "CO",
      "country": "United States",
      "access_type": "Unlimited",
      "id": "keystone",
      "region": "Colorado",
      "latitude": 39.6074012,
      "longitude": -105.944353,
      "formatted_address": "100 Dercum Dr, Keystone, CO 80435, USA",
      "pass": "EPIC"
    },
    {
      "name": "Crested Butte",
      "address": "12 Snowmass Rd, Mt Crested Butte, CO 81225",
      "city": "Mt Crested Butte",
      "state": "CO",
      "country": "United States",
      "access_type": "Unlimited",
      "id": "crested-butte",
      "region": "Colorado",
      "latitude": 38.916277,
      "longitude": -106.961806,
      "formatted_address": "12 Snowmass Rd, Crested Butte, CO 81225, USA",
      "pass": "EPIC"
    },
    {
      "name": "Telluride",
      "address": "565 Mountain Village Blvd, Telluride, CO 81435",
      "city": "Telluride",
      "state": "CO",
      "country": "United States",
      "access_type": "Unlimited",
      "id": "telluride",
      "region": "Colorado",
      "latitude": 37.9361136,
      "longitude": -107.8454403,
      "formatted_address": "565 Mountain Village Blvd, Telluride, CO 81435, USA",
      "pass": "EPIC"
    },
    {
      "name": "Park City Mountain",
      "address": "1345 Lowell Ave, Park City, UT 84060",
      "city": "Park City",
      "state": "UT",
      "country": "United States",
      "access_type": "Unlimited",
      "id": "park-city-mountain",
      "region": "Utah",
      "latitude": 40.6515528,
      "longitude": -111.5078556,
      "formatted_address": "1345 Lowell Ave, Park City, UT 84060, USA",
      "pass": "EPIC"
    },
    {
      "name": "Heavenly",
      "address": "3860 Saddle Rd, South Lake Tahoe, CA 96150",
      "city": "South Lake Tahoe",
      "state": "CA",
      "country": "United States",
      "access_type": "Unlimited",
      "id": "heavenly",
      "region": "California",
      "latitude": 38.9315153,
      "longitude": -119.9359329,
      "formatted_address": "3860 Saddle Rd, South Lake Tahoe, CA 96150, USA",
      "pass": "EPIC"
    },
    {
      "name": "Northstar California",
      "address": "5001 Northstar Dr, Truckee, CA 96161",
      "city": "Truckee",
      "state": "CA",
      "country": "United States",
      "access_type": "Unlimited",
      "id": "northstar-california",
      "region": "California",
      "latitude": 39.2750593,
      "longitude": -120.1206308,
      "formatted_address": "5001 Northstar Dr, Truckee, CA 96161, USA",
      "pass": "EPIC"
    },
    {
      "name": "Kirkwood",
      "address": "1501 Kirkwood Meadows Dr, Kirkwood, CA 95646",
      "city": "Kirkwood",
      "state": "CA",
      "country": "United States",
      "access_type": "Unlimited",
      "id": "kirkwood",
      "region": "California",
      "latitude": 38.6847224,
      "longitude": -120.0651546,
      "formatted_address": "1501 Kirkwood Meadows Dr, Kirkwood, CA 95646, USA",
      "pass": "EPIC"
    },
    {
      "name": "Stevens Pass",
      "address": "93001 US-2, Skykomish, WA 98288",
      "city": "Skykomish",
      "state": "WA",
      "country": "United States",
      "access_type": "Unlimited",
      "id": "stevens-pass",
      "region": "Washington",
      "latitude": 47.7118183,
      "longitude": -121.3599452,
      "formatted_address": "US-2, Skykomish, WA, USA",
      "pass": "EPIC"
    },
    {
      "name": "Stowe",
      "address": "5781 Mountain Rd, Stowe, VT 05672",
      "city": "Stowe",
      "state": "VT",
      "country": "United States",
      "access_type": "Unlimited",
      "id": "stowe",
      "region": "Vermont",
      "latitude": 44.5291336,
      "longitude": -72.7773251,
      "formatted_address": "5781 Mountain Rd, Stowe, VT 05672, USA",
      "pass": "EPIC"
    },
    {
      "name": "Okemo",
      "address": "77 Okemo Ridge Rd, Ludlow, VT 05149",
      "city": "Ludlow",
      "state": "VT",
      "country": "United States",
      "access_type": "Unlimited",
      "id": "okemo",
      "region": "Vermont",
      "latitude": 43.4018216,
      "longitude": -72.71701279999999,
      "formatted_address": "77 Okemo Ridge Rd, Ludlow, VT 05149, USA",
      "pass": "EPIC"
    },
    {
      "name": "Mount Snow",
      "address": "39 Mount Snow Rd, West Dover, VT 05356",
      "city": "West Dover",
      "state": "VT",
      "country": "United States",
      "access_type": "Unlimited",
      "id": "mount-snow",
      "region": "Vermont",
      "latitude": 42.96793479999999,
      "longitude": -72.8950459,
      "formatted_address": "39 Mount Snow Road, West Dover, VT 05356, USA",
      "pass": "EPIC"
    },
    {
      "name": "Mount Sunapee",
      "address": "1398 Route 103, Newbury, NH 03255",
      "city": "Newbury",
      "state": "NH",
      "country": "United States",
      "access_type": "Unlimited",
      "id": "mount-sunapee",
      "region": "New Hampshire",
      "latitude": 43.3080143,
      "longitude": -72.0156375,
      "formatted_address": "New Hampshire Rte 103, Mt Sunapee, NH 03255, USA",
      "pass": "EPIC"
    },
    {
      "name": "Attitash",
      "address": "775 US Route 302, Bartlett, NH 03812",
      "city": "Bartlett",
      "state": "NH",
      "country": "United States",
      "access_type": "Unlimited",
      "id": "attitash",
      "region": "New Hampshire",
      "latitude": 44.0827209,
      "longitude": -71.2297559,
      "formatted_address": "775 US-302, Bartlett, NH 03812, USA",
      "pass": "EPIC"
    },
    {
      "name": "Wildcat Mountain",
      "address": "542 Route 16, Pinkham Notch, NH 03581",
      "city": "Pinkham Notch",
      "state": "NH",
      "country": "United States",
      "access_type": "Unlimited",
      "id": "wildcat-mountain",
      "region": "New Hampshire",
      "latitude": 44.2640798,
      "longitude": -71.2393673,
      "formatted_address": "542 NH-16, Gorham, NH 03581, USA",
      "pass": "EPIC"
    },
    {
      "name": "Crotched Mountain",
      "address": "615 Francestown Rd, Bennington, NH 03442",
      "city": "Bennington",
      "state": "NH",
      "country": "United States",
      "access_type": "Unlimited",
      "id": "crotched-mountain",
      "region": "New Hampshire",
      "latitude": 43.0119915,
      "longitude": -71.87871919999999,
      "formatted_address": "615 Francestown Rd, Bennington, NH 03442, USA",
      "pass": "EPIC"
    },
    {
      "name": "Hunter Mountain",
      "address": "64 Klein Ave, Hunter, NY 12442",
      "city": "Hunter",
      "state": "NY",
      "country": "United States",
      "access_type": "Unlimited",
      "id": "hunter-mountain",
      "region": "New York",
      "latitude": 42.2044144,
      "longitude": -74.2105038,
      "formatted_address": "64 Klein Ave, Hunter, NY 12442, USA",
      "pass": "EPIC"
    },
    {
      "name": "Seven Springs",
      "address": "777 Water Wheel Dr, Seven Springs, PA 15622",
      "city": "Seven Springs",
      "state": "PA",
      "country": "United States",
      "access_type": "Unlimited",
      "id": "seven-springs",
      "region": "Pennsylvania",
      "latitude": 40.022729,
      "longitude": -79.2991297,
      "formatted_address": "777 Water Wheel Dr, Champion, PA 15622, USA",
      "pass": "EPIC"
    },
    {
      "name": "Hidden Valley",
      "address": "1 Craighead Dr, Hidden Valley, PA 15502",
      "city": "Hidden Valley",
      "state": "PA",
      "country": "United States",
      "access_type": "Unlimited",
      "id": "hidden-valley-pa",
      "region": "Pennsylvania",
      "latitude": 40.0584557,
      "longitude": -79.257817,
      "formatted_address": "1 Craighead Dr, Somerset, PA 15501, USA",
      "pass": "EPIC"
    },
    {
      "name": "Laurel Mountain",
      "address": "374 Summit Ski Rd, Boswell, PA 15531",
      "city": "Boswell",
      "state": "PA",
      "country": "United States",
      "access_type": "Unlimited",
      "id": "laurel-mountain",
      "region": "Pennsylvania",
      "latitude": 40.1640621,
      "longitude": -79.1661151,
      "formatted_address": "374 Summit Ski Rd, Boswell, PA 15531, USA",
      "pass": "EPIC"
    },
    {
      "name": "Liberty Mountain",
      "address": "78 Country Club Trail, Fairfield, PA 17320",
      "city": "Fairfield",
      "state": "PA",
      "country": "United States",
      "access_type": "Unlimited",
      "id": "liberty-mountain",
      "region": "Pennsylvania",
      "latitude": 39.7635749,
      "longitude": -77.3753653,
      "formatted_address": "78 Country Club Trail, Fairfield, PA 17320, USA",
      "pass": "EPIC"
    },
    {
      "name": "Roundtop Mountain",
      "address": "925 Roundtop Rd, Lewisberry, PA 17339",
      "city": "Lewisberry",
      "state": "PA",
      "country": "United States",
      "access_type": "Unlimited",
      "id": "roundtop-mountain",
      "region": "Pennsylvania",
      "latitude": 40.1117754,
      "longitude": -76.9302757,
      "formatted_address": "925 Roundtop Rd, Lewisberry, PA 17339, USA",
      "pass": "EPIC"
    },
    {
      "name": "Whitetail",
      "address": "13805 Blairs Valley Rd, Mercersburg, PA 17236",
      "city": "Mercersburg",
      "state": "PA",
      "country": "United States",
      "access_type": "Unlimited",
      "id": "whitetail",
      "region": "Pennsylvania",
      "latitude": 39.7416928,
      "longitude": -77.9331299,
      "formatted_address": "13805 Blairs Valley Rd, Mercersburg, PA 17236, USA",
      "pass": "EPIC"
    },
    {
      "name": "Jack Frost",
      "address": "434 Jack Frost Mountain Rd, White Haven, PA 18661",
      "city": "White Haven",
      "state": "PA",
      "country": "United States",
      "access_type": "Unlimited",
      "id": "jack-frost",
      "region": "Pennsylvania",
      "latitude": 41.1070904,
      "longitude": -75.6546422,
      "formatted_address": "434 Jack Frost Mountain Rd, White Haven, PA 18661, USA",
      "pass": "EPIC"
    },
    {
      "name": "Big Boulder",
      "address": "357 Big Boulder Dr, Lake Harmony, PA 18624",
      "city": "Lake Harmony",
      "state": "PA",
      "country": "United States",
      "access_type": "Unlimited",
      "id": "big-boulder",
      "region": "Pennsylvania",
      "latitude": 41.050178,
      "longitude": -75.6011764,
      "formatted_address": "357 Big Boulder Dr, Lake Harmony, PA 18624, USA",
      "pass": "EPIC"
    },
    {
      "name": "Afton Alps",
      "address": "6600 Peller Ave S, Hastings, MN 55033",
      "city": "Hastings",
      "state": "MN",
      "country": "United States",
      "access_type": "Unlimited",
      "id": "afton-alps",
      "region": "Minnesota",
      "latitude": 44.8544631,
      "longitude": -92.7908233,
      "formatted_address": "6600 Peller Ave S, Hastings, MN 55033, USA",
      "pass": "EPIC"
    },
    {
      "name": "Mt Brighton",
      "address": "4141 Bauer Rd, Brighton, MI 48116",
      "city": "Brighton",
      "state": "MI",
      "country": "United States",
      "access_type": "Unlimited",
      "id": "mt-brighton",
      "region": "Michigan",
      "latitude": 42.54067480000001,
      "longitude": -83.8115911,
      "formatted_address": "4141 Bauer Rd, Brighton, MI 48116, USA",
      "pass": "EPIC"
    },
    {
      "name": "Wilmot Mountain",
      "address": "11931 Fox River Rd, Wilmot, WI 53192",
      "city": "Wilmot",
      "state": "WI",
      "country": "United States",
      "access_type": "Unlimited",
      "id": "wilmot-mountain",
      "region": "Wisconsin",
      "latitude": 42.5051836,
      "longitude": -88.1907571,
      "formatted_address": "11931 Fox River Rd, Twin Lakes, WI 53181, USA",
      "pass": "EPIC"
    },
    {
      "name": "Alpine Valley",
      "address": "10620 Mayfield Rd, Chesterland, OH 44026",
      "city": "Chesterland",
      "state": "OH",
      "country": "United States",
      "access_type": "Unlimited",
      "id": "alpine-valley",
      "region": "Ohio",
      "latitude": 41.526841,
      "longitude": -81.259822,
      "formatted_address": "10620 Mayfield Rd, Chesterland, OH 44026, USA",
      "pass": "EPIC"
    },
    {
      "name": "Boston Mills",
      "address": "7100 Riverview Rd, Peninsula, OH 44264",
      "city": "Peninsula",
      "state": "OH",
      "country": "United States",
      "access_type": "Unlimited",
      "id": "boston-mills",
      "region": "Ohio",
      "latitude": 41.26481880000001,
      "longitude": -81.5642345,
      "formatted_address": "7100 Riverview Rd, Peninsula, OH 44264, USA",
      "pass": "EPIC"
    },
    {
      "name": "Brandywine",
      "address": "1146 W Highland Rd, Northfield, OH 44067",
      "city": "Northfield",
      "state": "OH",
      "country": "United States",
      "access_type": "Unlimited",
      "id": "brandywine",
      "region": "Ohio",
      "latitude": 41.2849031,
      "longitude": -81.55176809999999,
      "formatted_address": "1146 W Highland Rd, Northfield, OH 44067, USA",
      "pass": "EPIC"
    },
    {
      "name": "Mad River Mountain",
      "address": "1000 Snow Valley Rd, Zanesfield, OH 43360",
      "city": "Zanesfield",
      "state": "OH",
      "country": "United States",
      "access_type": "Unlimited",
      "id": "mad-river-mountain",
      "region": "Ohio",
      "latitude": 40.3168238,
      "longitude": -83.6745261,
      "formatted_address": "1000 Snow Valley Rd, Zanesfield, OH 43360, USA",
      "pass": "EPIC"
    },
    {
      "name": "Paoli Peaks",
      "address": "2798 W County Rd 25 S, Paoli, IN 47454",
      "city": "Paoli",
      "state": "IN",
      "country": "United States",
      "access_type": "Unlimited",
      "id": "paoli-peaks",
      "region": "Indiana",
      "latitude": 38.5578948,
      "longitude": -86.51102399999999,
      "formatted_address": "2798 W County Rd 25 S, Paoli, IN 47454, USA",
      "pass": "EPIC"
    },
    {
      "name": "Snow Creek",
      "address": "1 Snow Creek Dr, Weston, MO 64098",
      "city": "Weston",
      "state": "MO",
      "country": "United States",
      "access_type": "Unlimited",
      "id": "snow-creek",
      "region": "Missouri",
      "latitude": 39.4673616,
      "longitude": -94.9717819,
      "formatted_address": "1 Snow Creek Dr, Weston, MO 64098, USA",
      "pass": "EPIC"
    },
    {
      "name": "Hidden Valley",
      "address": "17409 Hidden Valley Dr, Wildwood, MO 63025",
      "city": "Wildwood",
      "state": "MO",
      "country": "United States",
      "access_type": "Unlimited",
      "id": "hidden-valley-mo",
      "region": "Missouri",
      "latitude": 38.5354007,
      "longitude": -90.65076619999999,
      "formatted_address": "17409 Hidden Valley Dr, Eureka, MO 63025, USA",
      "pass": "EPIC"
    },
    {
      "name": "Whistler Blackcomb",
      "address": "4545 Blackcomb Way, Whistler, BC V8E 0X9",
      "city": "Whistler",
      "province": "BC",
      "country": "Canada",
      "access_type": "Unlimited",
      "id": "whistler-blackcomb",
      "region": "British Columbia",
      "latitude": 50.114946,
      "longitude": -122.9485933,
      "formatted_address": "4545 Blackcomb Wy, Whistler, BC V0N 1B4, Canada",
      "pass": "EPIC"
    },
    {
      "name": "Fernie Alpine Resort",
      "address": "5339 Ski Hill Rd, Fernie, BC V0B 1M6",
      "city": "Fernie",
      "province": "BC",
      "country": "Canada",
      "access_type": "7 days",
      "id": "fernie-alpine-resort",
      "region": "British Columbia",
      "latitude": 49.4682228,
      "longitude": -115.0661103,
      "formatted_address": "Hill Rd, East Kootenay, BC V0B 1M4, Canada",
      "pass": "EPIC"
    },
    {
      "name": "Kicking Horse",
      "address": "1500 Kicking Horse Trail, Golden, BC V0A 1H0",
      "city": "Golden",
      "province": "BC",
      "country": "Canada",
      "access_type": "7 days",
      "id": "kicking-horse",
      "region": "British Columbia",
      "latitude": 51.2987902,
      "longitude": -117.0483909,
      "formatted_address": "1500 Kicking Horse Trl, Golden, BC V0A 1H0, Canada",
      "pass": "EPIC"
    },
    {
      "name": "Kimberley Alpine Resort",
      "address": "301 North Star Blvd, Kimberley, BC V1A 2Y5",
      "city": "Kimberley",
      "province": "BC",
      "country": "Canada",
      "access_type": "7 days",
      "id": "kimberley-alpine-resort",
      "region": "British Columbia",
      "latitude": 49.68897579999999,
      "longitude": -116.0045997,
      "formatted_address": "301 N Star Blvd, Kimberley, BC V1A 2Y9, Canada",
      "pass": "EPIC"
    },
    {
      "name": "Nakiska",
      "address": "2 Mt Allan Dr, Kananaskis, AB T0L 2H0",
      "city": "Kananaskis",
      "province": "AB",
      "country": "Canada",
      "access_type": "7 days",
      "id": "nakiska",
      "region": "Alberta",
      "latitude": 50.942515,
      "longitude": -115.1516961,
      "formatted_address": "2 Mt Allan Dr, Kananaskis, AB T0L 2H0, Canada",
      "pass": "EPIC"
    },
    {
      "name": "Mont-Sainte-Anne",
      "address": "2000 Boulevard du Beau Pre, Beaupre, QC G0A 1E0",
      "city": "Beaupre",
      "province": "QC",
      "country": "Canada",
      "access_type": "7 days",
      "id": "mont-sainte-anne",
      "region": "Quebec",
      "latitude": 47.0752774,
      "longitude": -70.9066532,
      "formatted_address": "2000 Bd du Beau Pré, Beaupré, QC G0A 1E0, Canada",
      "pass": "EPIC"
    },
    {
      "name": "Stoneham",
      "address": "600 Chemin du Hibou, Stoneham-et-Tewkesbury, QC G3C 1T3",
      "city": "Stoneham-et-Tewkesbury",
      "province": "QC",
      "country": "Canada",
      "access_type": "7 days",
      "id": "stoneham",
      "region": "Quebec",
      "latitude": 47.0269781,
      "longitude": -71.38307859999999,
      "formatted_address": "600 Chem. du Hibou, Stoneham-et-Tewkesbury, QC G3C 1T3, Canada",
      "pass": "EPIC"
    },
    {
      "name": "Loveland Ski Area",
      "address": "Exit 216 Interstate 70, Georgetown, CO 80435",
      "city": "Georgetown",
      "country": "United States",
      "region": "Colorado",
      "id": "loveland-ski-area",
      "latitude": 39.685531,
      "longitude": -105.8838213,
      "formatted_address": "216 I-70, Georgetown, CO 80444, USA",
      "pass": "INDEPENDENT"
    },
    {
      "name": "Monarch Mountain",
      "address": "23715 US-50, Salida, CO 81201",
      "city": "Salida",
      "country": "United States",
      "region": "Colorado",
      "id": "monarch-mountain",
      "latitude": 37.9844668,
      "longitude": -98.3227076,
      "formatted_address": "US-50, United States",
      "pass": "INDEPENDENT"
    },
    {
      "name": "Wolf Creek Ski Area",
      "address": "Wolf Creek Pass Hwy 160, Pagosa Springs, CO 81147",
      "city": "Pagosa Springs",
      "country": "United States",
      "region": "Colorado",
      "id": "wolf-creek-ski-area",
      "latitude": 37.27632759999999,
      "longitude": -106.9860848,
      "formatted_address": "1742 E Hwy 160, Pagosa Springs, CO 81147, USA",
      "pass": "INDEPENDENT"
    },
    {
      "name": "Ski Cooper",
      "address": "232 County Rd 29, Leadville, CO 80461",
      "city": "Leadville",
      "country": "United States",
      "region": "Colorado",
      "id": "ski-cooper",
      "latitude": 39.3520169,
      "longitude": -106.295553,
      "formatted_address": "232 County Rd 29, Leadville, CO 80461, USA",
      "pass": "INDEPENDENT"
    },
    {
      "name": "Powderhorn Mountain Resort",
      "address": "48338 Powderhorn Rd, Mesa, CO 81643",
      "city": "Mesa",
      "country": "United States",
      "region": "Colorado",
      "id": "powderhorn-mountain-resort",
      "latitude": 39.0694622,
      "longitude": -108.150761,
      "formatted_address": "48338 Powderhorn Rd, Mesa, CO 81643, USA",
      "pass": "INDEPENDENT"
    },
    {
      "name": "Bogus Basin",
      "address": "2600 N Bogus Basin Road, Boise, ID 83702",
      "city": "Boise",
      "country": "United States",
      "region": "Idaho",
      "id": "bogus-basin",
      "latitude": 43.6433554,
      "longitude": -116.2058718,
      "formatted_address": "2600 N Bogus Basin Rd, Boise, ID 83702, USA",
      "pass": "INDEPENDENT"
    },
    {
      "name": "Brundage Mountain",
      "address": "3890 Goose Lake Rd, McCall, ID 83638",
      "city": "McCall",
      "country": "United States",
      "region": "Idaho",
      "id": "brundage-mountain",
      "latitude": 45.0053108,
      "longitude": -116.1544026,
      "formatted_address": "Brundage Mountain Lodge, 3890 Goose Lake Rd, McCall, ID 83638, USA",
      "pass": "INDEPENDENT"
    },
    {
      "name": "Magic Mountain",
      "address": "Rock Creek Road, Hansen, ID 83334",
      "city": "Hansen",
      "country": "United States",
      "region": "Idaho",
      "id": "magic-mountain",
      "latitude": 42.5333083,
      "longitude": -114.3059348,
      "formatted_address": "Rock Creek Rd, Hansen, ID, USA",
      "pass": "INDEPENDENT"
    },
    {
      "name": "Lookout Pass",
      "address": "I-90 Exit 0, Mullan, ID 83846",
      "city": "Mullan",
      "country": "United States",
      "region": "Idaho",
      "id": "lookout-pass",
      "latitude": 47.4681387,
      "longitude": -115.7981784,
      "formatted_address": "I-90, Mullan, ID, USA",
      "pass": "INDEPENDENT"
    },
    {
      "name": "Whitefish Mountain Resort",
      "address": "3889 Big Mountain Rd, Whitefish, MT 59937",
      "city": "Whitefish",
      "country": "United States",
      "region": "Montana",
      "id": "whitefish-mountain-resort",
      "latitude": 48.4831223,
      "longitude": -114.3581754,
      "formatted_address": "3889 Big Mountain Rd, Whitefish, MT 59937, USA",
      "pass": "INDEPENDENT"
    },
    {
      "name": "Blacktail Mountain",
      "address": "13990 Blacktail Rd, Lakeside, MT 59922",
      "city": "Lakeside",
      "country": "United States",
      "region": "Montana",
      "id": "blacktail-mountain",
      "latitude": 48.01484139999999,
      "longitude": -114.3695821,
      "formatted_address": "13990 Blacktail Rd, Lakeside, MT 59922, USA",
      "pass": "INDEPENDENT"
    },
    {
      "name": "Lost Trail Powder Mountain",
      "address": "Top of Lost Trail Pass, Sula, MT 59871",
      "city": "Sula",
      "country": "United States",
      "region": "Montana",
      "id": "lost-trail-powder-mountain",
      "latitude": 45.6938088,
      "longitude": -113.9481328,
      "formatted_address": "Lost Trail Pass, Montana 59871, USA",
      "pass": "INDEPENDENT"
    },
    {
      "name": "Discovery Ski Area",
      "address": "180 Discovery Basin Rd, Anaconda, MT 59711",
      "city": "Anaconda",
      "country": "United States",
      "region": "Montana",
      "id": "discovery-ski-area",
      "latitude": 46.2496255,
      "longitude": -113.2384358,
      "formatted_address": "180 Discovery Basin Rd, Anaconda, MT 59711, USA",
      "pass": "INDEPENDENT"
    },
    {
      "name": "Showdown Montana",
      "address": "2850 US HWY 89 South, Neihart, MT 59465",
      "city": "Neihart",
      "country": "United States",
      "region": "Montana",
      "id": "showdown-montana",
      "latitude": 46.8384109,
      "longitude": -110.7001329,
      "formatted_address": "2850 US-89, Neihart, MT 59465, USA",
      "pass": "INDEPENDENT"
    },
    {
      "name": "Maverick Mountain",
      "address": "1600 Maverick Mountain Road, Polaris, MT 59746",
      "city": "Polaris",
      "country": "United States",
      "region": "Montana",
      "id": "maverick-mountain",
      "latitude": 45.37005000000001,
      "longitude": -113.1190489,
      "formatted_address": "Polaris, MT 59746, USA",
      "pass": "INDEPENDENT"
    },
    {
      "name": "Turner Mountain",
      "address": "Pipe Creek Rd, Libby, MT 59923",
      "city": "Libby",
      "country": "United States",
      "region": "Montana",
      "id": "turner-mountain",
      "latitude": 48.406166,
      "longitude": -115.5514781,
      "formatted_address": "Pipe Creek Rd, Libby, MT, USA",
      "pass": "INDEPENDENT"
    },
    {
      "name": "Diamond Peak",
      "address": "1210 Ski Way, Incline Village, NV 89451",
      "city": "Incline Village",
      "country": "United States",
      "region": "Nevada",
      "id": "diamond-peak",
      "latitude": 39.25376869999999,
      "longitude": -119.923763,
      "formatted_address": "1210 Ski Way, Incline Village, NV 89451, USA",
      "pass": "INDEPENDENT"
    },
    {
      "name": "Mt. Baker",
      "address": "10091 Mt. Baker Highway, Glacier, WA 98244",
      "city": "Glacier",
      "country": "United States",
      "region": "Washington",
      "id": "mt-baker",
      "latitude": 48.8883087,
      "longitude": -121.9381955,
      "formatted_address": "10091 Mt Baker Hwy, Deming, WA 98244, USA",
      "pass": "INDEPENDENT"
    },
    {
      "name": "White Pass",
      "address": "48935 US Highway 12, Naches, WA 98937",
      "city": "Naches",
      "country": "United States",
      "region": "Washington",
      "id": "white-pass",
      "latitude": 46.0014917,
      "longitude": -102.6444822,
      "formatted_address": "US-12, United States",
      "pass": "INDEPENDENT"
    },
    {
      "name": "49 Degrees North",
      "address": "3311 Flowery Trail Rd, Chewelah, WA 99109",
      "city": "Chewelah",
      "country": "United States",
      "region": "Washington",
      "id": "49-degrees-north",
      "latitude": 48.3011017,
      "longitude": -117.5629468,
      "formatted_address": "3311 Flowery Trail Rd, Chewelah, WA 99109, USA",
      "pass": "INDEPENDENT"
    },
    {
      "name": "Hurricane Ridge",
      "address": "Hurricane Ridge Rd, Port Angeles, WA 98362",
      "city": "Port Angeles",
      "country": "United States",
      "region": "Washington",
      "id": "hurricane-ridge",
      "latitude": 48.0939324,
      "longitude": -123.4294994,
      "formatted_address": "Hurricane Ridge Rd, Port Angeles, WA, USA",
      "pass": "INDEPENDENT"
    },
    {
      "name": "Mission Ridge",
      "address": "7500 Mission Ridge Rd, Wenatchee, WA 98801",
      "city": "Wenatchee",
      "country": "United States",
      "region": "Washington",
      "id": "mission-ridge",
      "latitude": 47.2924512,
      "longitude": -120.3999216,
      "formatted_address": "7500 Mission Ridge Rd, Wenatchee, WA 98801, USA",
      "pass": "INDEPENDENT"
    },
    {
      "name": "Ski Bluewood",
      "address": "2000 N Touchet Rd, Dayton, WA 99328",
      "city": "Dayton",
      "country": "United States",
      "region": "Washington",
      "id": "ski-bluewood",
      "latitude": 46.0917252,
      "longitude": -117.8535458,
      "formatted_address": "2000 N Touchet Rd, Dayton, WA 99328, USA",
      "pass": "INDEPENDENT"
    },
    {
      "name": "Leavenworth Ski Hill",
      "address": "10701 Ski Hill Dr, Leavenworth, WA 98826",
      "city": "Leavenworth",
      "country": "United States",
      "region": "Washington",
      "id": "leavenworth-ski-hill",
      "latitude": 47.61415820000001,
      "longitude": -120.6684897,
      "formatted_address": "10701 Ski Hill Dr, Leavenworth, WA 98826, USA",
      "pass": "INDEPENDENT"
    },
    {
      "name": "Loup Loup Ski Bowl",
      "address": "97 FS 4200 100 Road, Okanogan, WA 98840",
      "city": "Okanogan",
      "country": "United States",
      "region": "Washington",
      "id": "loup-loup-ski-bowl",
      "latitude": 48.3943363,
      "longitude": -119.9109955,
      "formatted_address": "4200 100 Road, Okanogan, WA 98840, USA",
      "pass": "INDEPENDENT"
    },
    {
      "name": "Mt. Spokane",
      "address": "29500 N Mt Spokane Park Dr, Mead, WA 99021",
      "city": "Mead",
      "country": "United States",
      "region": "Washington",
      "id": "mt-spokane",
      "latitude": 47.9213901,
      "longitude": -117.0964754,
      "formatted_address": "29500 N Mt Spokane Park Dr, Mead, WA 99021, USA",
      "pass": "INDEPENDENT"
    },
    {
      "name": "Mt. Hood Meadows",
      "address": "14040 Highway 35, Mount Hood, OR 97041",
      "city": "Mount Hood",
      "country": "United States",
      "region": "Oregon",
      "id": "mt-hood-meadows",
      "latitude": 45.3306116,
      "longitude": -121.6633566,
      "formatted_address": "Main Parking Lot, 14040 OR-35, Mt Hood, OR 97041, USA",
      "pass": "INDEPENDENT"
    },
    {
      "name": "Timberline Lodge",
      "address": "27500 E Timberline Rd, Government Camp, OR 97028",
      "city": "Government Camp",
      "country": "United States",
      "region": "Oregon",
      "id": "timberline-lodge",
      "latitude": 45.33042830000001,
      "longitude": -121.7101257,
      "formatted_address": "27500 W Leg Rd, Government Camp, OR 97028, USA",
      "pass": "INDEPENDENT"
    },
    {
      "name": "Mt. Hood Ski Bowl",
      "address": "87000 E Highway 26, Government Camp, OR 97028",
      "city": "Government Camp",
      "country": "United States",
      "region": "Oregon",
      "id": "mt-hood-ski-bowl",
      "latitude": 45.3019089,
      "longitude": -121.7732002,
      "formatted_address": "87000 US-26, Government Camp, OR 97028, USA",
      "pass": "INDEPENDENT"
    },
    {
      "name": "Hoodoo",
      "address": "27400 Big Lake Rd, Sisters, OR 97759",
      "city": "Sisters",
      "country": "United States",
      "region": "Oregon",
      "id": "hoodoo",
      "latitude": 44.3179046,
      "longitude": -121.4756447,
      "formatted_address": "Lake Dr, Oregon 97759, USA",
      "pass": "INDEPENDENT"
    },
    {
      "name": "Cooper Spur",
      "address": "10755 Cooper Spur Rd, Mount Hood, OR 97041",
      "city": "Mount Hood",
      "country": "United States",
      "region": "Oregon",
      "id": "cooper-spur",
      "latitude": 45.425642,
      "longitude": -121.5908604,
      "formatted_address": "10755 Cooper Spur Rd, Mt Hood, OR 97041, USA",
      "pass": "INDEPENDENT"
    },
    {
      "name": "Mt. Ashland",
      "address": "11 Mt Ashland Ski Rd, Ashland, OR 97520",
      "city": "Ashland",
      "country": "United States",
      "region": "Oregon",
      "id": "mt-ashland",
      "latitude": 42.0817168,
      "longitude": -122.7047765,
      "formatted_address": "11 Mt Ashland Ski Rd, Ashland, OR 97520, USA",
      "pass": "INDEPENDENT"
    },
    {
      "name": "Whitewater Mountain Resort",
      "address": "Whitewater Road, Nelson, BC V1L 5P7",
      "city": "Nelson",
      "country": "Canada",
      "region": "British Columbia",
      "id": "whitewater-mountain-resort",
      "latitude": 49.4939788,
      "longitude": -117.2936022,
      "formatted_address": "602 Lake St, Nelson, BC V1L 4C8, Canada",
      "pass": "INDEPENDENT"
    },
    {
      "name": "Big White Ski Resort",
      "address": "5315 Big White Road, Kelowna, BC V1X 4K5",
      "city": "Kelowna",
      "country": "Canada",
      "region": "British Columbia",
      "id": "big-white-ski-resort",
      "latitude": 49.7587855,
      "longitude": -118.9898789,
      "formatted_address": "Big White Rd, British Columbia, Canada",
      "pass": "INDEPENDENT"
    },
    {
      "name": "Castle Mountain Resort",
      "address": "End of Highway 774, Pincher Creek, AB T0K 1W0",
      "city": "Pincher Creek",
      "country": "Canada",
      "region": "Alberta",
      "id": "castle-mountain-resort",
      "latitude": 49.484885,
      "longitude": -113.9440351,
      "formatted_address": "Pincher Creek, AB T0K 1W0, Canada",
      "pass": "INDEPENDENT"
    }
  ]
}